Nombre;Telefono;Compañia;Ciudad;Dirección
Brendan;1-614-703-0495;Mollis Duis Inc.;Springdale;P.O. Box 557, 8792 Congue. Rd.
Richard;1-856-940-7998;Arcu Corporation;Boise;2505 Nunc St.
Edward;1-894-297-9961;Facilisis Non Bibendum Ltd;Selva di Cadore;P.O. Box 318, 9313 In St.
Clarke;1-975-433-5454;A PC;Westmeerbeek;P.O. Box 657, 9027 Consectetuer Rd.
Brent;1-748-535-1049;Enim Corporation;Wardin;172-8240 Aenean St.
Orlando;1-344-417-2028;Scelerisque Inc.;Eberswalde-Finow;8395 Sapien. Av.
Wylie;1-634-587-4973;Sem Nulla PC;Berg;610-3967 Consequat Ave
Merrill;1-791-580-9627;Ut Associates;San Rafael;7997 Non, Rd.
Travis;1-872-431-8166;Quisque Industries;Chapecó;5557 Aenean Rd.
Malcolm;1-867-932-4953;Et Incorporated;Tulita;Ap #727-3079 Libero. Avenue
Shad;1-207-654-0696;Cursus Vestibulum Mauris Ltd;Pontypridd;566-8852 Nulla Rd.
Chaney;1-288-184-1973;Ac Inc.;La Ligua;9905 Neque. Rd.
Michael;1-415-447-6443;Conubia LLP;Tamworth;797-7275 Ut Rd.
Uriel;1-824-711-8180;Lectus A Sollicitudin Ltd;Lampeter;480-6669 Nunc Av.
Octavius;1-974-877-5319;Lorem Lorem Luctus Consulting;Ceyhan;501-5574 Non Rd.
Nathan;1-584-573-8947;Pede Consulting;Zoerle-Parwijs;267-4087 Vulputate Rd.
Griffin;1-183-409-6279;Mollis Integer LLP;Jamnagar;209-1073 Bibendum Av.
Nathan;1-999-422-3155;Adipiscing Lobortis Ltd;Lawton;752-7955 At Ave
Bevis;1-714-498-0050;Eu Odio Institute;OugrŽe;7873 Imperdiet Road
Phillip;1-908-274-2002;Sagittis Augue Eu Consulting;Margate;1289 Vel St.
Damon;1-890-964-8569;Sit Amet Diam Corporation;Wilmont;P.O. Box 558, 7039 Molestie Street
Seth;1-847-704-5010;Eu Nulla At Ltd;Korbach;P.O. Box 137, 9949 Maecenas Rd.
Jerome;1-555-299-1180;Ornare Limited;Quilaco;352-436 Eu St.
Aladdin;1-736-518-1838;Sit Amet Ultricies Corp.;Verdun;763-4812 Sit Ave
Nehru;1-166-987-3359;At Egestas Industries;Mosquera;193-8923 Litora Road
Kelly;1-876-154-4662;Venenatis Lacus Etiam Ltd;Delta;754-9670 Ornare Rd.
Rajah;1-154-524-4032;Ligula Eu Ltd;Ichalkaranji;8205 Lacus Rd.
Abraham;1-279-124-4518;Mollis PC;Stonewall;955-4330 Mauris Street
Dillon;1-435-449-2516;Scelerisque Mollis Phasellus Incorporated;Beaumont;P.O. Box 255, 3901 Orci Road
Colton;1-101-163-0209;Id Ante LLC;Minna;P.O. Box 434, 3279 Nec, St.
Clayton;1-598-337-6519;Fringilla Euismod Consulting;Marbaix;P.O. Box 903, 5437 Ut Rd.
Bruce;1-802-676-3413;Nulla Foundation;Limón (Puerto Limón);Ap #577-4093 Vehicula Street
Harrison;1-964-623-6187;Proin Dolor Nulla Industries;Lehrte;Ap #462-3673 Nunc Road
Vaughan;1-908-921-1701;Nec Tempus Incorporated;Londrina;3504 Ipsum Rd.
Brody;1-632-307-3551;Turpis LLC;Pointe-au-Pic;P.O. Box 375, 4700 Vulputate, Av.
James;1-121-935-4333;Erat Inc.;Bhir;Ap #608-6516 Amet Avenue
Jonah;1-590-556-6171;Id Magna Et Ltd;Kirkcaldy;Ap #536-4344 Consectetuer Av.
Ryan;1-339-457-8665;Rhoncus Proin Nisl Incorporated;Reana del Rojale;7286 Egestas Av.
Barrett;1-262-341-3846;Dolor Fusce Institute;Great Falls;P.O. Box 371, 2032 Non St.
Kevin;1-305-483-6516;Iaculis Nec Eleifend Inc.;San Fernando;P.O. Box 573, 2235 Tristique Rd.
Kareem;1-629-101-2213;Tristique Foundation;Hull;P.O. Box 169, 3971 Dui. Road
Vincent;1-241-382-4239;Leo Morbi Neque Foundation;Konstanz;9726 Vitae Ave
David;1-548-553-1284;Ultrices Vivamus Ltd;Tewkesbury;490-1337 Maecenas St.
Tiger;1-321-830-3522;Ultricies Institute;Russell;Ap #846-4761 Pede. Avenue
Joseph;1-794-609-6899;Neque Industries;Gimhae;Ap #431-8005 Eleifend, Avenue
Nasim;1-463-717-5783;Senectus Et Netus Associates;Rio Saliceto;Ap #177-5802 Feugiat. St.
Gavin;1-540-514-9362;Aenean Corp.;Montigny-le-Tilleul;P.O. Box 781, 2966 Inceptos St.
Zephania;1-906-277-9127;Quam Vel Inc.;Denpasar;Ap #301-6724 Velit St.
Noble;1-208-401-9472;Aliquam Gravida Corp.;Anamur;689-8873 Sed Avenue
Dante;1-714-687-5312;Interdum Sed Corp.;Hagen;3048 Sapien. Ave
Stone;1-406-177-8608;Nulla Institute;Amsterdam;P.O. Box 818, 9029 Egestas. Ave
Xanthus;1-270-548-5956;Feugiat Placerat PC;Villa Santo Stefano;Ap #548-4019 Vivamus Road
Baxter;1-896-449-3020;Quis LLC;Suarlee;720-7181 Sodales St.
Leo;1-339-527-4513;Vestibulum Nec Euismod Industries;Tilff;Ap #520-6533 Egestas St.
Mohammad;1-405-732-5764;A Dui PC;Guarapuava;7163 Tristique Rd.
Neville;1-624-331-8062;Eu Dolor Egestas Consulting;Nanaimo;P.O. Box 981, 7634 Nullam Rd.
Hashim;1-701-615-8415;Sed Corp.;Río Negro;P.O. Box 582, 1760 Aliquam St.
Hoyt;1-553-203-3765;Quam A Felis Foundation;Krefeld;P.O. Box 856, 4247 Placerat Rd.
Yoshio;1-518-819-5100;A Nunc Inc.;Raymond;P.O. Box 154, 7246 Maecenas Av.
Ashton;1-827-171-8415;Tincidunt Adipiscing Inc.;Los Lagos;6161 Donec Rd.
Thaddeus;1-804-175-1506;Ultrices A Auctor Limited;Benalla;Ap #116-4406 Dignissim Ave
Igor;1-438-905-3176;Et Netus Et Foundation;Poole;Ap #774-2288 Arcu Road
Wang;1-135-956-5773;Nisl Industries;Ipswich;3575 Arcu. Rd.
Solomon;1-235-372-4006;Lacus Ut Ltd;Genval;P.O. Box 154, 1038 Aenean Ave
Damon;1-977-234-6083;Donec Consulting;Sant'Elena;813 Cras Rd.
Caldwell;1-832-353-6107;Dictum Magna Ut Corp.;Northampton;922-4323 Massa. Street
Colin;1-867-907-5529;Ullamcorper Velit Foundation;Papasidero;736-5444 Elit Street
Travis;1-261-874-5535;Cursus Consulting;Pitt Meadows;128-4880 Lorem, Rd.
Tanek;1-649-173-3720;Diam Pellentesque Habitant Consulting;Istra;757-930 Fusce Av.
Sylvester;1-262-967-8915;Ac Sem Ut Inc.;Vysokovsk;8775 Orci Avenue
Hasad;1-258-652-5342;Nec PC;High Level;Ap #704-4524 Risus St.
Arden;1-158-451-8740;Amet Consectetuer Adipiscing Incorporated;Lembeek;3897 Tempus Rd.
Lawrence;1-123-209-1035;Nisl Arcu Company;Gagliano del Capo;Ap #547-9808 Eget Rd.
Connor;1-427-260-0163;Eu Neque Ltd;Kraków;7425 Congue. St.
Graiden;1-233-580-8070;Id Associates;Connah's Quay;Ap #546-8602 Turpis Road
Elijah;1-682-883-8507;Nisi Cum Consulting;Winterswijk;Ap #678-2649 Eu Avenue
Isaac;1-268-785-6390;Viverra Corporation;Northumberland;P.O. Box 585, 7277 Metus St.
Jordan;1-610-374-4908;Consectetuer Incorporated;Saint-Pierre;910-5013 Sodales. Rd.
Oliver;1-703-693-7273;Per Company;Quesada;Ap #172-1528 Libero Street
Hall;1-572-434-5768;Mauris Morbi Non Incorporated;Gliwice;187-8049 Arcu St.
Louis;1-233-324-9010;Integer Eu Lacus Industries;Coupar Angus;P.O. Box 271, 2901 Et Rd.
Emerson;1-854-348-8552;Lorem Semper Auctor Limited;Orsogna;621-6198 Consequat, Ave
Oliver;1-920-709-2521;Ipsum Suspendisse Sagittis Consulting;Cap-de-la-Madeleine;P.O. Box 210, 1803 Porttitor Road
Plato;1-759-938-9387;Semper Tellus Id Corp.;Prè-Saint-Didier;5392 Imperdiet Avenue
Carl;1-504-421-0306;Cursus A Enim Ltd;San Venanzo;856-2533 In Road
Lev;1-992-134-5911;At Egestas PC;Bernau;P.O. Box 138, 6118 In St.
Calvin;1-146-428-3698;Sem Vitae Corporation;La Matap�dia;Ap #250-5756 Aliquam Ave
Hyatt;1-157-193-7547;Pede Ac Urna Consulting;Cambridge;7490 Senectus Avenue
Sylvester;1-554-336-9799;Quisque LLC;Plato;2073 Rutrum Av.
Jamal;1-407-715-1768;Donec Institute;Losino-Petrovsky;897-5051 Mus. Av.
Walker;1-628-169-5639;Turpis Inc.;Fort Saskatchewan;Ap #916-1215 Nisl Avenue
Joel;1-758-788-0812;Leo Cras Vehicula Inc.;Wortel;P.O. Box 401, 6072 Massa Road
Alec;1-186-396-2569;Duis Mi Enim Inc.;Lidköping;P.O. Box 730, 469 Semper Av.
Driscoll;1-100-938-7948;Pellentesque Associates;Alto del Carmen;265-9796 Fringilla, Rd.
Harrison;1-276-476-5712;Non Nisi Company;Murmansk;198-749 Sociis Ave
Ulric;1-124-190-0919;Tortor Industries;Varsenare;Ap #276-1879 Tellus Street
Hoyt;1-721-837-5328;Venenatis Lacus LLC;Caplan;Ap #377-7917 Eu, Av.
Jasper;1-805-329-8301;Sed Leo Corporation;Leduc;355-3028 Augue Avenue
Harrison;1-515-622-0857;Magna Ltd;Machalí;Ap #907-5367 Aenean St.
Gabriel;1-356-627-4830;Mi Ac Institute;Grafton;P.O. Box 362, 4441 Facilisis Rd.